scholarship_id,scholarship_name,provider,source_type,official_source_url,application_url,amount,eligibility,academic_requirements,education_level,income_criteria,age_criteria,gender_criteria,category_criteria,domicile_state,institution_requirements,opening_date,closing_date,documents_required,selection_process,renewal_requirements,current_status,confidence,verification_status,last_verified,evidence,evidence_url,discovery_method,content_hash,updated_at
financial-assistance-for-education-to-the-wards-of-beedi-cine-iomc-lsdm-workers-pre-matric,Financial Assistance for Education to the Wards of Beedi/Cine/IOMC/LSDM Workers – Pre-Matric,"Ministry of Labour & Employment, Government of India",Government,https://scholarships.gov.in/All-Scholarships,https://scholarships.gov.in/,"₹1,000–₹2,000/year for Classes I-X depending on class",Ward of eligible Beedi/Cine/IOMC/LSDM worker; parent must meet scheme service/income conditions; Class I-X.,See official source for detailed academic rules,Pre-matric — Classes I-X,See official source,Not specified,Open / scheme-specific,Eligible worker wards,See official source,See official source,01-06-2026,30-09-2026,See official source / application portal,Provider-defined,See official source,EXPIRED,100.0,VERIFIED,2026-10-05,PIB on 07-Sep-2026 records revised deadline 30-Sep-2026; 15-Jun-2026 PIB recorded earlier 31-Aug-2026.,https://www.pib.gov.in/PressReleasePage.aspx?PRID=2307444&lang=2&reg=48,Seed source crawl → source classification → structured extraction,b7102b071c1a80a32387093250fe7a956850b5fb8afc57519e49e21a1e0ac8f4,2026-10-05T16:12:05
national-means-cum-merit-scholarship,National Means Cum Merit Scholarship,"Department of School Education & Literacy, Ministry of Education",Government,https://scholarships.gov.in/All-Scholarships,https://scholarships.gov.in/,"₹12,000 per annum","Class IX students in eligible State Government, Government-aided and local body schools; parental income ≤ ₹3.50 lakh/year; at least 55% in Class VII for selection test, relaxable 5% for SC/ST.",See official source for detailed academic rules,School — Class IX to XII through renewal,See official source,Not specified,Open / scheme-specific,SC/ST relaxation in qualifying marks,See official source,See official source,01-06-2026,31-10-2026,See official source / application portal,Provider-defined,See official source,ACTIVE,100.0,VERIFIED,2026-10-05,"PIB on 01-Oct-2026 says deadline was extended to 31-Oct-2026; it also states ₹12,000/year, income ≤ ₹3.50 lakh and the Class VII marks rule.",https://www.pib.gov.in/PressReleaseIframePage.aspx?PRID=2317657&lang=2&reg=48,Seed source crawl → source classification → structured extraction,bec77e03ec1603fab99b6617c6830f9748276206ea366f8e0cf6ef0e2b8b226e,2026-10-05T16:12:05
reliance-foundation-postgraduate-scholarships-2026-27,Reliance Foundation Postgraduate Scholarships 2026-27,Reliance Foundation,Corporate,https://www.scholarships.reliancefoundation.org/,https://scholarshipportal.reliancefoundation.org/,Up to ₹6 lakh over degree,"First-year postgraduate students across India in eligible future-ready fields including AI, Computer Sciences, Mathematics & Computing, Engineering and Life Sciences; merit-based.",See official source for detailed academic rules,Postgraduate,See official source,Not specified,Open / scheme-specific,Merit,See official source,See official source,Not specified,Not specified,See official source / application portal,Provider-defined,See official source,ACTIVE,100.0,VERIFIED,2026-10-05,"Official Reliance Foundation 2026-27 scholarship material states the programme, eligible fields and grant.",https://www.scholarships.reliancefoundation.org/,Seed source crawl → source classification → structured extraction,557014b1fdea6123232fe8ffe64bc0fb1fe18d1d200f98c960a351821c158723,2026-10-05T16:12:05
reliance-foundation-undergraduate-scholarships-2026-27,Reliance Foundation Undergraduate Scholarships 2026-27,Reliance Foundation,Corporate,https://www.scholarships.reliancefoundation.org/,https://scholarshipportal.reliancefoundation.org/,Up to ₹2 lakh over degree,Resident Indian citizen; first-year full-time undergraduate in 2026-27; Class 12 minimum 60%; household income below ₹15 lakh; aptitude test mandatory.,See official source for detailed academic rules,Undergraduate,See official source,Not specified,Open / scheme-specific,Merit-cum-means,See official source,See official source,Not specified,Not specified,See official source / application portal,Provider-defined,See official source,ACTIVE,100.0,VERIFIED,2026-10-05,"Official Reliance Foundation page states 2026-27 applications, up to 5,000 UG scholars, award up to ₹2 lakh and eligibility.",https://www.scholarships.reliancefoundation.org/,Seed source crawl → source classification → structured extraction,ceccb028aa02c2d84bf076e21a239ce865a6e2bd8ad3b42e9087d485ad4a9824,2026-10-05T16:12:05
aicte-pragati-scholarship-scheme-for-girl-students-technical-degree,AICTE - Pragati Scholarship Scheme for Girl Students (Technical Degree),All India Council for Technical Education (AICTE),Government,https://scholarships.gov.in/All-Scholarships,https://scholarships.gov.in/,Not specified on NSP index page — consult official scheme specification,Girl students; detailed criteria are scheme-specific and must be read on the official NSP specification.,Scheme-specific; not fully exposed on the NSP index page.,Technical degree,Not specified on the NSP index page,Not specified on the NSP index page,Not specified unless reflected by scheme title,Girl students,Scheme-specific,Scheme-specific,01-06-2026,31-10-2026,See official scheme specification / FAQ,Merit Based Scheme,See official scheme specification / FAQ,ACTIVE,95.0,VERIFIED,2026-10-05,AICTE - Pragati Scholarship Scheme for Girl Students (Technical Degree). Scheme open from 01-06-2026; student application open till 31-10-2026. Source labels it Merit Based Scheme.,https://scholarships.gov.in/All-Scholarships,Seed hub crawl → source classification → card extraction,620a33975805bb203ec51d5844a9ee56645ded5535cf12e8081195996dc3b48b,2026-10-05T16:12:05
aicte-pragati-scholarship-scheme-for-girl-students-technical-diploma,AICTE - Pragati Scholarship Scheme for Girl Students (Technical Diploma),All India Council for Technical Education (AICTE),Government,https://scholarships.gov.in/All-Scholarships,https://scholarships.gov.in/,Not specified on NSP index page — consult official scheme specification,Girl students; detailed criteria are scheme-specific and must be read on the official NSP specification.,Scheme-specific; not fully exposed on the NSP index page.,Technical diploma,Not specified on the NSP index page,Not specified on the NSP index page,Not specified unless reflected by scheme title,Girl students,Scheme-specific,Scheme-specific,01-06-2026,31-10-2026,See official scheme specification / FAQ,Merit Based Scheme,See official scheme specification / FAQ,ACTIVE,95.0,VERIFIED,2026-10-05,AICTE - Pragati Scholarship Scheme for Girl Students (Technical Diploma). Scheme open from 01-06-2026; student application open till 31-10-2026. Source labels it Merit Based Scheme.,https://scholarships.gov.in/All-Scholarships,Seed hub crawl → source classification → card extraction,88f1380486c94aff57e1cdebbc820a5eb4b13e817cc0ebf0dafc777517117f02,2026-10-05T16:12:05
aicte-saksham-scholarship-scheme-for-specially-abled-student-technical-degree,AICTE - Saksham Scholarship Scheme for Specially Abled Student (Technical Degree),All India Council for Technical Education (AICTE),Government,https://scholarships.gov.in/All-Scholarships,https://scholarships.gov.in/,Not specified on NSP index page — consult official scheme specification,Students with disabilities; detailed criteria are scheme-specific and must be read on the official NSP specification.,Scheme-specific; not fully exposed on the NSP index page.,Technical degree,Not specified on the NSP index page,Not specified on the NSP index page,Not specified unless reflected by scheme title,Students with disabilities,Scheme-specific,Scheme-specific,01-06-2026,31-10-2026,See official scheme specification / FAQ,Welfare Based Scheme,See official scheme specification / FAQ,ACTIVE,95.0,VERIFIED,2026-10-05,AICTE - Saksham Scholarship Scheme for Specially Abled Student (Technical Degree). Scheme open from 01-06-2026; student application open till 31-10-2026. Source labels it Welfare Based Scheme.,https://scholarships.gov.in/All-Scholarships,Seed hub crawl → source classification → card extraction,a8949a34a42ed2dd0d2df4f1b23752f0a866a69b8dfcbf1c37c9e674093b395c,2026-10-05T16:12:05
aicte-saksham-scholarship-scheme-for-specially-abled-student-technical-diploma,AICTE - Saksham Scholarship Scheme for Specially Abled Student (Technical Diploma),All India Council for Technical Education (AICTE),Government,https://scholarships.gov.in/All-Scholarships,https://scholarships.gov.in/,Not specified on NSP index page — consult official scheme specification,Students with disabilities; detailed criteria are scheme-specific and must be read on the official NSP specification.,Scheme-specific; not fully exposed on the NSP index page.,Technical diploma,Not specified on the NSP index page,Not specified on the NSP index page,Not specified unless reflected by scheme title,Students with disabilities,Scheme-specific,Scheme-specific,01-06-2026,31-10-2026,See official scheme specification / FAQ,Welfare Based Scheme,See official scheme specification / FAQ,ACTIVE,95.0,VERIFIED,2026-10-05,AICTE - Saksham Scholarship Scheme for Specially Abled Student (Technical Diploma). Scheme open from 01-06-2026; student application open till 31-10-2026. Source labels it Welfare Based Scheme.,https://scholarships.gov.in/All-Scholarships,Seed hub crawl → source classification → card extraction,d816ccfd3e8fb7264d87bdf06ecda3c173b2ccacb0c73306007edc5f489897b2,2026-10-05T16:12:05
aicte-swanath-scholarship-scheme-technical-degree,AICTE - Swanath Scholarship Scheme (Technical Degree),All India Council for Technical Education (AICTE),Government,https://scholarships.gov.in/All-Scholarships,https://scholarships.gov.in/,Not specified on NSP index page — consult official scheme specification,Scheme-specific; detailed criteria are scheme-specific and must be read on the official NSP specification.,Scheme-specific; not fully exposed on the NSP index page.,Technical degree,Not specified on the NSP index page,Not specified on the NSP index page,Not specified unless reflected by scheme title,Scheme-specific,Scheme-specific,Scheme-specific,01-06-2026,31-10-2026,See official scheme specification / FAQ,Welfare Based Scheme,See official scheme specification / FAQ,ACTIVE,95.0,VERIFIED,2026-10-05,AICTE - Swanath Scholarship Scheme (Technical Degree). Scheme open from 01-06-2026; student application open till 31-10-2026. Source labels it Welfare Based Scheme.,https://scholarships.gov.in/All-Scholarships,Seed hub crawl → source classification → card extraction,f1d8e0e1847ae17793fec3b4faaeef9b41cf6c14ba8e999c1429582cd896a163,2026-10-05T16:12:05
aicte-swanath-scholarship-scheme-technical-diploma,AICTE - Swanath Scholarship Scheme (Technical Diploma),All India Council for Technical Education (AICTE),Government,https://scholarships.gov.in/All-Scholarships,https://scholarships.gov.in/,Not specified on NSP index page — consult official scheme specification,Scheme-specific; detailed criteria are scheme-specific and must be read on the official NSP specification.,Scheme-specific; not fully exposed on the NSP index page.,Technical diploma,Not specified on the NSP index page,Not specified on the NSP index page,Not specified unless reflected by scheme title,Scheme-specific,Scheme-specific,Scheme-specific,01-06-2026,31-10-2026,See official scheme specification / FAQ,Welfare Based Scheme,See official scheme specification / FAQ,ACTIVE,95.0,VERIFIED,2026-10-05,AICTE - Swanath Scholarship Scheme (Technical Diploma). Scheme open from 01-06-2026; student application open till 31-10-2026. Source labels it Welfare Based Scheme.,https://scholarships.gov.in/All-Scholarships,Seed hub crawl → source classification → card extraction,e13112ddc3c300ee3394a4443182bb4b203c1296cc404e613f21be959be53d84,2026-10-05T16:12:05
icar-national-talent-scholarship-nts-ug,ICAR National Talent Scholarship (NTS-UG),Department of Agriculture Research and Education,Government,https://scholarships.gov.in/All-Scholarships,https://scholarships.gov.in/,Not specified on NSP index page — consult official scheme specification,Scheme-specific; detailed criteria are scheme-specific and must be read on the official NSP specification.,Scheme-specific; not fully exposed on the NSP index page.,Higher education (scheme-specific),Not specified on the NSP index page,Not specified on the NSP index page,Not specified unless reflected by scheme title,Scheme-specific,Scheme-specific,Scheme-specific,01-06-2026,31-10-2026,See official scheme specification / FAQ,Merit Based Scheme,See official scheme specification / FAQ,ACTIVE,95.0,VERIFIED,2026-10-05,ICAR National Talent Scholarship (NTS-UG). Scheme open from 01-06-2026; student application open till 31-10-2026. Source labels it Merit Based Scheme.,https://scholarships.gov.in/All-Scholarships,Seed hub crawl → source classification → card extraction,bd258ff03fee48d0c84d0c8e0e19ff57ec2365ecf1d3220738db017130c4e108,2026-10-05T16:12:05
ishan-uday-special-scholarship-scheme-for-ner,Ishan Uday Special Scholarship Scheme for NER,University Grants Commission (UGC),Government,https://scholarships.gov.in/All-Scholarships,https://scholarships.gov.in/,Not specified on NSP index page — consult official scheme specification,Students of North Eastern Region; detailed criteria are scheme-specific and must be read on the official NSP specification.,Scheme-specific; not fully exposed on the NSP index page.,Higher education (scheme-specific),Not specified on the NSP index page,Not specified on the NSP index page,Not specified unless reflected by scheme title,Students of North Eastern Region,Scheme-specific,Scheme-specific,16-09-2026,31-10-2026,See official scheme specification / FAQ,Merit Based Scheme,See official scheme specification / FAQ,ACTIVE,95.0,VERIFIED,2026-10-05,Ishan Uday Special Scholarship Scheme for NER. Scheme open from 16-09-2026; student application open till 31-10-2026. Source labels it Merit Based Scheme.,https://scholarships.gov.in/All-Scholarships,Seed hub crawl → source classification → card extraction,b700859a927a55ecb38f6f8683357757379792b95112597ce0d5d16e09fffeb5,2026-10-05T16:12:05
national-renewable-energy-fellowship-scheme,National Renewable Energy Fellowship Scheme,Ministry of New and Renewable Energy,Government,https://scholarships.gov.in/All-Scholarships,https://scholarships.gov.in/,Not specified on NSP index page — consult official scheme specification,Scheme-specific; detailed criteria are scheme-specific and must be read on the official NSP specification.,Scheme-specific; not fully exposed on the NSP index page.,Postgraduate / research,Not specified on the NSP index page,Not specified on the NSP index page,Not specified unless reflected by scheme title,Scheme-specific,Scheme-specific,Scheme-specific,01-06-2026,31-10-2026,See official scheme specification / FAQ,Merit Based Scheme,See official scheme specification / FAQ,ACTIVE,95.0,VERIFIED,2026-10-05,National Renewable Energy Fellowship Scheme. Scheme open from 01-06-2026; student application open till 31-10-2026. Source labels it Merit Based Scheme.,https://scholarships.gov.in/All-Scholarships,Seed hub crawl → source classification → card extraction,919f56c5fbc87af71348c08833cca176bd0e0779428ac8a215747def2cac4db7,2026-10-05T16:12:05
national-scholarship-for-post-graduate-studies,National Scholarship for Post Graduate Studies,University Grants Commission (UGC),Government,https://scholarships.gov.in/All-Scholarships,https://scholarships.gov.in/,Not specified on NSP index page — consult official scheme specification,Scheme-specific; detailed criteria are scheme-specific and must be read on the official NSP specification.,Scheme-specific; not fully exposed on the NSP index page.,Postgraduate / research,Not specified on the NSP index page,Not specified on the NSP index page,Not specified unless reflected by scheme title,Scheme-specific,Scheme-specific,Scheme-specific,16-09-2026,31-10-2026,See official scheme specification / FAQ,Merit Based Scheme,See official scheme specification / FAQ,ACTIVE,95.0,VERIFIED,2026-10-05,National Scholarship for Post Graduate Studies. Scheme open from 16-09-2026; student application open till 31-10-2026. Source labels it Merit Based Scheme.,https://scholarships.gov.in/All-Scholarships,Seed hub crawl → source classification → card extraction,978b8964ca004cd6da06ef6b7ee60ea56203fcc9c2f19111d26b1c139f2ff9b7,2026-10-05T16:12:05
pm-usp-special-scholarship-scheme-for-jammu-kashmir-and-ladakh,PM USP Special Scholarship Scheme for Jammu Kashmir and Ladakh,Department of Higher Education,Government,https://scholarships.gov.in/All-Scholarships,https://scholarships.gov.in/,Not specified on NSP index page — consult official scheme specification,Scheme-specific; detailed criteria are scheme-specific and must be read on the official NSP specification.,Scheme-specific; not fully exposed on the NSP index page.,Higher education (scheme-specific),Not specified on the NSP index page,Not specified on the NSP index page,Not specified unless reflected by scheme title,Scheme-specific,Scheme-specific,Scheme-specific,01-06-2026,31-10-2026,See official scheme specification / FAQ,Merit Based Scheme,See official scheme specification / FAQ,ACTIVE,95.0,VERIFIED,2026-10-05,PM USP Special Scholarship Scheme for Jammu Kashmir and Ladakh. Scheme open from 01-06-2026; student application open till 31-10-2026. Source labels it Merit Based Scheme.,https://scholarships.gov.in/All-Scholarships,Seed hub crawl → source classification → card extraction,91b8391c467f0b8e3548e8d1ec1c09c78d1a88ffd54e42e287dbfd7c27924273,2026-10-05T16:12:05
pm-yasasvi-central-sector-scheme-of-top-class-education-in-college-for-obc-ebc-and-dnt-students,"PM YASASVI Central Sector Scheme of Top Class Education in College for OBC, EBC and DNT Students",Department of Social Justice & Empowerment (Backward Classes),Government,https://scholarships.gov.in/All-Scholarships,https://scholarships.gov.in/,Not specified on NSP index page — consult official scheme specification,OBC/EBC/DNT students; detailed criteria are scheme-specific and must be read on the official NSP specification.,Scheme-specific; not fully exposed on the NSP index page.,Higher education (scheme-specific),Not specified on the NSP index page,Not specified on the NSP index page,Not specified unless reflected by scheme title,OBC/EBC/DNT students,Scheme-specific,Scheme-specific,01-06-2026,31-10-2026,See official scheme specification / FAQ,Merit Based Scheme,See official scheme specification / FAQ,ACTIVE,95.0,VERIFIED,2026-10-05,"PM YASASVI Central Sector Scheme of Top Class Education in College for OBC, EBC and DNT Students. Scheme open from 01-06-2026; student application open till 31-10-2026. Source labels it Merit Based Scheme.",https://scholarships.gov.in/All-Scholarships,Seed hub crawl → source classification → card extraction,69faeae386f26049630de84d529c6a02e94c353790c8cb3ef90f71cf2d8d3644,2026-10-05T16:12:05
prime-minister-s-scholarship-scheme-for-central-armed-police-forces-and-assam-rifles,Prime Minister's Scholarship Scheme for Central Armed Police Forces and Assam Rifles,Ministry of Home Affairs,Government,https://scholarships.gov.in/All-Scholarships,https://scholarships.gov.in/,Not specified on NSP index page — consult official scheme specification,Scheme-specific; detailed criteria are scheme-specific and must be read on the official NSP specification.,Scheme-specific; not fully exposed on the NSP index page.,Higher education (scheme-specific),Not specified on the NSP index page,Not specified on the NSP index page,Not specified unless reflected by scheme title,Scheme-specific,Scheme-specific,Scheme-specific,01-06-2026,31-10-2026,See official scheme specification / FAQ,Merit Based Scheme,See official scheme specification / FAQ,ACTIVE,95.0,VERIFIED,2026-10-05,Prime Minister's Scholarship Scheme for Central Armed Police Forces and Assam Rifles. Scheme open from 01-06-2026; student application open till 31-10-2026. Source labels it Merit Based Scheme.,https://scholarships.gov.in/All-Scholarships,Seed hub crawl → source classification → card extraction,c23db0a468f77da9d2428b96f2443a31e6388316e55c16b96ed1c4c510b38ff5,2026-10-05T16:12:05
prime-minister-s-scholarship-scheme-for-wards-of-states-uts-police-personnel-martyred-during-terror-naxal-attacks,Prime Minister's Scholarship Scheme for Wards of States/UTs Police Personnel Martyred During Terror/Naxal Attacks,Ministry of Home Affairs,Government,https://scholarships.gov.in/All-Scholarships,https://scholarships.gov.in/,Not specified on NSP index page — consult official scheme specification,Scheme-specific; detailed criteria are scheme-specific and must be read on the official NSP specification.,Scheme-specific; not fully exposed on the NSP index page.,Higher education (scheme-specific),Not specified on the NSP index page,Not specified on the NSP index page,Not specified unless reflected by scheme title,Scheme-specific,Scheme-specific,Scheme-specific,01-06-2026,31-10-2026,See official scheme specification / FAQ,Merit Based Scheme,See official scheme specification / FAQ,ACTIVE,95.0,VERIFIED,2026-10-05,Prime Minister's Scholarship Scheme for Wards of States/UTs Police Personnel Martyred During Terror/Naxal Attacks. Scheme open from 01-06-2026; student application open till 31-10-2026. Source labels it Merit Based Scheme.,https://scholarships.gov.in/All-Scholarships,Seed hub crawl → source classification → card extraction,470fac406156c2208e89c4bab3e515ff6cd67cbf3c75c81a0f32207d391037e2,2026-10-05T16:12:05
iit-bombay-institute-merit-cum-means-scholarship,IIT Bombay Institute Merit-cum-Means Scholarship,Indian Institute of Technology Bombay,University,https://acad.iitb.ac.in/academics/scholarship,https://acad.iitb.ac.in/academics/scholarship,Not specified on referenced overview,IIT Bombay Academic Office lists Institute Merit-cum-Means under undergraduate and M.Sc. scholarships.,See official source for detailed academic rules,Undergraduate / M.Sc.,See official source,Not specified,Open / scheme-specific,Merit-cum-means,See official source,See official source,Not specified,Not specified,See official source / application portal,Provider-defined,See official source,ACTIVE,90.0,REVIEW_REQUIRED,2026-10-05,IIT Bombay official scholarship page lists the programme.,https://acad.iitb.ac.in/academics/scholarship,Seed source crawl → source classification → structured extraction,30cb40c0a871ba0aee3e8bfb5a1149484d06241dcd16e886447623021ceb58b5,2026-10-05T16:12:05
iit-bombay-women-merit-scholarship,IIT Bombay Women Merit Scholarship,Indian Institute of Technology Bombay,University,https://acad.iitb.ac.in/academics/scholarship,https://acad.iitb.ac.in/academics/scholarship,Not specified on referenced overview,IIT Bombay scholarship FAQ lists Women merit scholarship among undergraduate scholarships/remissions.,See official source for detailed academic rules,Undergraduate,See official source,Not specified,Open / scheme-specific,Women students,See official source,See official source,Not specified,Not specified,See official source / application portal,Provider-defined,See official source,ACTIVE,90.0,REVIEW_REQUIRED,2026-10-05,IIT Bombay official scholarship FAQ lists Women merit scholarship.,https://acad.iitb.ac.in/academics/scholarship,Seed source crawl → source classification → structured extraction,730fc53b4d3a0d2683552f911cb4d02a1c261ed04a6a1e906d5d9530f3c1ec25,2026-10-05T16:12:05
